FID;F_NAME;F_TYPE;ADDRESS;CITY;EASTING;NORTHING;COMMENTS;ZIPCODE;CREATE_DAT;MODIFY_DAT;AUDIT_DATE;geo_shape;geo_point_2d
50;Sunshine Fillpino Supplies LLC;Specialty;7449 US 72 W Hwy NW;Huntsville;387714.340117;1549563.14864;Grocery;35758;;;;"{""coordinates"": [-86.72704575313386, 34.75583204872124], ""type"": ""Point""}";34.75583204872124, -86.72704575313386
69;Jet Pep One Stop;Convenience Store;11451 Memorial Pky SE;Huntsville;435637.555623;1502904.5543;Convenience Store;35803;;;;"{""coordinates"": [-86.56638573186996, 34.628706455333045], ""type"": ""Point""}";34.628706455333045, -86.56638573186996
97;Lucky's;Supermarket;3420 Pulaski Pke NW;Huntsville;421177.371945;1554609.45384;Grocery;35810;;;;"{""coordinates"": [-86.6157842495107, 34.77046280189427], ""type"": ""Point""}";34.77046280189427, -86.6157842495107
107;Brothers Mini Mart;Convenience Store;3521 Governors Dr SW;Huntsville;421291.753934;1536123.18208;Convenience Store;35805;;;;"{""coordinates"": [-86.61492487695202, 34.71967622089668], ""type"": ""Point""}";34.71967622089668, -86.61492487695202
167;Fuel King Oakwood;Convenience Store;619 Oakwood Ave NW;Huntsville;428192.941903;1546732.40201;Convenience Store;35811;;;;"{""coordinates"": [-86.59222821630571, 34.74896927173723], ""type"": ""Point""}";34.74896927173723, -86.59222821630571
180;MinitMan;Convenience Store;10001 Memorial Pky SE;Huntsville;435762.281095;1509315.84987;Convenience Store;35803;;;;"{""coordinates"": [-86.56612608802534, 34.646323797495626], ""type"": ""Point""}";34.646323797495626, -86.56612608802534
43;Walmart Supercenter;Supermarket;8650 Madison Blv;Madison;383269.51633;1523376.73514;Grocery;35758;;;;"{""coordinates"": [-86.74105481629799, 34.68378026878384], ""type"": ""Point""}";34.68378026878384, -86.74105481629799
199;Kangaroo Express;Convenience Store;540 Jordan Ln NW;Huntsville;417787.261927;1538866.60015;Convenience Store;35805;;;;"{""coordinates"": [-86.62665769803313, 34.72713810059175], ""type"": ""Point""}";34.72713810059175, -86.62665769803313
54;Elkwood Grocery;Convenience Store;8233 Old Railroad Bed Rd;Toney;389548.677;1630134.69583;Grocery;35773;;;;"{""coordinates"": [-86.72332148277385, 34.977227833167], ""type"": ""Point""}";34.977227833167, -86.72332148277385
200;Kangaroo Express;Convenience Store;11040 Memorial Pky SW;Huntsville;435151.974901;1503198.45594;Convenience Store;35803;;;;"{""coordinates"": [-86.56800682313707, 34.62950423169589], ""type"": ""Point""}";34.62950423169589, -86.56800682313707
59;Circle C;Convenience Store;7546 Memorial Pky SW;Huntsville;433780.459599;1516492.64392;Convenience Store;35802;;;;"{""coordinates"": [-86.57288978917119, 34.66600197286145], ""type"": ""Point""}";34.66600197286145, -86.57288978917119
246;Family Dollar;Variety Store;3321 Triana Blv SW;Huntsville;423068.224134;1530474.75112;Variety Store;35805;;;;"{""coordinates"": [-86.60886897077916, 34.70419544142788], ""type"": ""Point""}";34.70419544142788, -86.60886897077916
63;Discount Daddies;Convenience Store;3490 AL 53 Hwy NW Unit A;Huntsville;407252.175386;1560309.3824;Convenience Store;35806;;;;"{""coordinates"": [-86.66230356611828, 34.78581567197206], ""type"": ""Point""}";34.78581567197206, -86.66230356611828
293;The Fresh Market;Supermarket;7950 US 72 W HWY;Madison;381416.392083;1549074.93111;Grocery;35758;2016-10-13T07:30:00+05:30;;;"{""coordinates"": [-86.74799519553868, 34.75433509837651], ""type"": ""Point""}";34.75433509837651, -86.74799519553868
64;Discount Food Mart;Convenience Store;624 Jeff Rd;Huntsville;391493.806968;1555518.80209;Convenience Store;35806;;;;"{""coordinates"": [-86.71463870430526, 34.77228578571073], ""type"": ""Point""}";34.77228578571073, -86.71463870430526
296;Walmart Supercenter;Supermarket;1011 US 72 Hwy;Athens;318265.19588;1562206.46423;Grocery;35611;2017-01-04T06:30:00+05:30;;;"{""coordinates"": [-86.95868574733193, 34.78864842343445], ""type"": ""Point""}";34.78864842343445, -86.95868574733193
73;Rocket Quick Stop;Convenience Store;5208 Moores Mill Rd;Huntsville;445280.384434;1564443.09821;Convenience Store;35811;;;;"{""coordinates"": [-86.53576285223483, 34.7979693015865], ""type"": ""Point""}";34.7979693015865, -86.53576285223483
9;International Supermarket;Specialty;8006 Old Madison Pike;Madison;389378.766251;1531881.29424;Grocery;35758;;;;"{""coordinates"": [-86.72098572293193, 34.707294815951336], ""type"": ""Point""}";34.707294815951336, -86.72098572293193
93;Walmart Supercenter;Supermarket;3031 Memorial Pky SW;Huntsville;430092.745846;1529972.72358;Grocery;35801;;;;"{""coordinates"": [-86.58548733821291, 34.7029626523931], ""type"": ""Point""}";34.7029626523931, -86.58548733821291
75;Sunoco Busy Bee;Convenience Store;8000 Memorial Pwy SW;Huntsville;434291.575375;1514422.92529;Convenience Store;35802;;;;"{""coordinates"": [-86.57113977481744, 34.66032580916023], ""type"": ""Point""}";34.66032580916023, -86.57113977481744
209;Propst Discount Drugs;Drugstore;717 Pratt Ave NE Unit A;Huntsville;433081.850104;1543087.96507;Drug and General Merchandise;35801;;;;"{""coordinates"": [-86.57586539840926, 34.7390568058404], ""type"": ""Point""}";34.7390568058404, -86.57586539840926
102;Atlantis Corner;Convenience Store;1176 Old Monrovia Rd NW;Huntsville;404560.64796;1546347.83289;Convenience Store;35806;;;;"{""coordinates"": [-86.67087880748859, 34.74739712339647], ""type"": ""Point""}";34.74739712339647, -86.67087880748859
244;Family Dollar;Variety Store;2501 Jordan Ln NW;Huntsville;413807.719033;1549455.41297;Variety Store;35816;;;;"{""coordinates"": [-86.64018314087319, 34.75614259267887], ""type"": ""Point""}";34.75614259267887, -86.64018314087319
17;La Congeneida Mexican Supermarket;Specialty;2998 Governors Dr SW;Huntsville;424045.800919;1536341.67344;Grocery;35805;;;;"{""coordinates"": [-86.60576663375038, 34.72033495355217], ""type"": ""Point""}";34.72033495355217, -86.60576663375038
114;CVS;Drugstore;2525 Oakwood Ave NW;Huntsville;423062.476114;1546737.18809;Drug and General Merchandise;35810;;;;"{""coordinates"": [-86.6093055161392, 34.74887480335944], ""type"": ""Point""}";34.74887480335944, -86.6093055161392
0;Bama Grocery;Convenience Store;2310 University Dr NW;Huntsville;424307.056302;1542940.26523;Grocery;35816;;;;"{""coordinates"": [-86.60506581568607, 34.73846946862239], ""type"": ""Point""}";34.73846946862239, -86.60506581568607
30;Publix;Supermarket;12796 Bailey Cove Rd SE;Huntsville;443999.333847;1500690.83169;Grocery;35803;;;;"{""coordinates"": [-86.53854127670171, 34.62278813837662], ""type"": ""Point""}";34.62278813837662, -86.53854127670171
129;Sprouts Farmers Market;Supermarket;7504 US 72 W Hwy NW Unit B;Madison;387012.780169;1550505.49289;Grocery;35757;;;;"{""coordinates"": [-86.7294090423194, 34.75840379374207], ""type"": ""Point""}";34.75840379374207, -86.7294090423194
1;El Arcoiris Grocery Store;Specialty;14881 US 231-431 N Hwy;Hazel Green;434964.444108;1621582.43472;Grocery;35750;;;;"{""coordinates"": [-86.57152303942026, 34.95474850729072], ""type"": ""Point""}";34.95474850729072, -86.57152303942026
34;Super Target;Supermarket;2750 Carl T Jones  Dr SE Unit 17;Huntsville;442016.729872;1519655.18254;Grocery;35802;;;;"{""coordinates"": [-86.5455761107181, 34.67485401861963], ""type"": ""Point""}";34.67485401861963, -86.5455761107181
132;Wavaho;Convenience Store;611 US 72 E Hwy NW;Huntsville;432273.367141;1551184.77991;Convenience Store;35811;;;;"{""coordinates"": [-86.57875604447278, 34.761285663568344], ""type"": ""Point""}";34.761285663568344, -86.57875604447278
12;Kroger;Supermarket;2110 Oakwood Ave NW;Huntsville;425701.030548;1547360.8453;Grocery;35810;;;;"{""coordinates"": [-86.60053872580062, 34.750643884461695], ""type"": ""Point""}";34.750643884461695, -86.60053872580062
56;Johnson Discount Mart;Convenience Store;3001 Johnson Rd SW;Huntsville;424624.56879;1525464.18897;Convenience Store;35805;;;;"{""coordinates"": [-86.60356377918801, 34.690462163229085], ""type"": ""Point""}";34.690462163229085, -86.60356377918801
143;Vettes Stop & Shop;Convenience Store;708 Poplar Ave NW;Huntsville;424261.269976;1543646.42491;Convenience Store;35816;;;;"{""coordinates"": [-86.60523624379903, 34.74040860652464], ""type"": ""Point""}";34.74040860652464, -86.60523624379903
13;Kroger;Supermarket;2009 Drake Ave SW;Huntsville;428741.407669;1530088.57473;Grocery;35801;;;;"{""coordinates"": [-86.58998580070445, 34.70325311235114], ""type"": ""Point""}";34.70325311235114, -86.58998580070445
194;Mapco Express;Convenience Store;7131 US 72 W Hwy NW;Huntsville;391705.328855;1549033.70515;Convenience Store;35806;;;;"{""coordinates"": [-86.713745266294, 34.754474281142286], ""type"": ""Point""}";34.754474281142286, -86.713745266294
163;EZ Mart;Convenience Store;5990 Pulaski Pke NW;Huntsville;421247.739914;1562718.27784;Convenience Store;35810;;;;"{""coordinates"": [-86.61576029056938, 34.79274228595105], ""type"": ""Point""}";34.79274228595105, -86.61576029056938
19;La Colonial Tienda Mexicana;Specialty;1222 Jordan Ln NW;Huntsville;417571.384734;1543917.74917;Grocery;35816;;;;"{""coordinates"": [-86.62750882560422, 34.74101088850837], ""type"": ""Point""}";34.74101088850837, -86.62750882560422
14;Kroger;Supermarket;8404 Memorial Pky SW;Huntsville;434222.272692;1513115.36065;Grocery;35802;;;;"{""coordinates"": [-86.57133836138004, 34.65673193465936], ""type"": ""Point""}";34.65673193465936, -86.57133836138004
215;Raeds Quick Stop;Convenience Store;1600 Jordan Ln NW;Huntsville;416884.044901;1544933.17792;Convenience Store;35816;;;;"{""coordinates"": [-86.62982323495487, 34.7437857216251], ""type"": ""Point""}";34.7437857216251, -86.62982323495487
178;MinitMan;Convenience Store;4001 University Dr NW;Huntsville;417360.281154;1541501.34587;Convenience Store;35816;;;;"{""coordinates"": [-86.62814785367368, 34.734367511526614], ""type"": ""Point""}";34.734367511526614, -86.62814785367368
20;Mike's Mini Mart;Convenience Store;2525 Winchester Rd NW;Huntsville;425375.151279;1562620.60875;Grocery;35810;;;;"{""coordinates"": [-86.60201212682527, 34.79256154131043], ""type"": ""Point""}";34.79256154131043, -86.60201212682527
23;Progreso Tienda Mexicana;Specialty;4320 University Dr NW;Huntsville;415496.013885;1542060.58688;Grocery;35816;;;;"{""coordinates"": [-86.63436691273722, 34.73586331735464], ""type"": ""Point""}";34.73586331735464, -86.63436691273722
253;Sure Save Pharmacy;Drugstore;6046 AL 53 Hwy;Harvest;391542.489942;1583972.18711;Drug and General Merchandise;35749;;;;"{""coordinates"": [-86.7153091747898, 34.85045671610468], ""type"": ""Point""}";34.85045671610468, -86.7153091747898
192;Mini Mart;Convenience Store;4302 University Dr NW;Huntsville;415762.937892;1541916.11308;Convenience Store;35816;;;;"{""coordinates"": [-86.63347475482145, 34.735472231439545], ""type"": ""Point""}";34.735472231439545, -86.63347475482145
27;Publix;Supermarket;8000 Al 20 Hwy W;Madison;390132.936658;1526253.27367;Grocery;35758;;;;"{""coordinates"": [-86.71831209214331, 34.69185098302007], ""type"": ""Point""}";34.69185098302007, -86.71831209214331
65;Parkway Express;Convenience Store;11550 Memorial Pky SW;Huntsville;435188.292742;1499873.95537;Convenience Store;35803;;;;"{""coordinates"": [-86.56780561824239, 34.62037097328183], ""type"": ""Point""}";34.62037097328183, -86.56780561824239
22;Piggly Wiggly of Gurley;Supermarket;6327 US 72 Hwy;Gurley;494679.617656;1526873.88464;Grocery;35748;;;;"{""coordinates"": [-86.37056141514093, 34.69558531690234], ""type"": ""Point""}";34.69558531690234, -86.37056141514093
195;Mapco Mart;Convenience Store;905 Memorial Pky NW;Huntsville;425604.175755;1543204.85722;Convenience Store;35801;;;;"{""coordinates"": [-86.60075551348287, 34.73922368705349], ""type"": ""Point""}";34.73922368705349, -86.60075551348287
28;Publix;Supermarket;4851 Whitesburg Dr SE Unit B;Huntsville;435863.720197;1526425.544;Grocery;35802;;;;"{""coordinates"": [-86.56620275007332, 34.69333397006306], ""type"": ""Point""}";34.69333397006306, -86.56620275007332
74;72 Quick Stop;Convenience Store;6270 US 72 Hwy E;Gurley;493709.087445;1526445.5;Convenience Store;35748;;;;"{""coordinates"": [-86.37378232644852, 34.69439403419348], ""type"": ""Point""}";34.69439403419348, -86.37378232644852
29;Publix;Supermarket;2246 Winchester Rd NE;Huntsville;459202.110527;1570938.14526;Grocery;35811;;;;"{""coordinates"": [-86.48953626719347, 34.81607283656571], ""type"": ""Point""}";34.81607283656571, -86.48953626719347
207;Jordan Lane Texaco;Convenience Store;2424 Jordan Ln NW;Huntsville;414235.639109;1549370.77107;Convenience Store;35816;;;;"{""coordinates"": [-86.63875640470701, 34.755919480509824], ""type"": ""Point""}";34.755919480509824, -86.63875640470701
42;Walmart Supercenter;Supermarket;11610 Memorial Pky SW;Huntsville;434309.736428;1498271.91133;Grocery;35803;;;;"{""coordinates"": [-86.57068654089171, 34.61595177816581], ""type"": ""Point""}";34.61595177816581, -86.57068654089171
86;Publix;Supermarket;12070 County Line Rd Ste C;Madison;369312.247;1540704.876;Grocery;35756;;;;"{""coordinates"": [-86.78802105601186, 34.7310310158215], ""type"": ""Point""}";34.7310310158215, -86.78802105601186
60;Circle S Food Store;Convenience Store;3726 Blue Spring Rd NW;Huntsville;426458.832182;1555174.90054;Convenience Store;35810;;;;"{""coordinates"": [-86.59821425528824, 34.772128048757004], ""type"": ""Point""}";34.772128048757004, -86.59821425528824
224;Jack Food Mart;Convenience Store;7525 Bailey Cove Rd SE;Huntsville;444061.463972;1518165.47095;Convenience Store;35802;;;;"{""coordinates"": [-86.53874131641129, 34.6708006208354], ""type"": ""Point""}";34.6708006208354, -86.53874131641129
118;Discount Food;Convenience Store;2323 Golf Rd SW;Huntsville;431240.20615;1521643.66314;Convenience Store;35802;;;;"{""coordinates"": [-86.58146408471836, 34.680102583715346], ""type"": ""Point""}";34.680102583715346, -86.58146408471836
156;Shell Food Mart;Convenience Store;2880 Jordan Ln NW;Huntsville;410947.510843;1554906.41912;Convenience Store;35816;;;;"{""coordinates"": [-86.64985175892078, 34.77105500801355], ""type"": ""Point""}";34.77105500801355, -86.64985175892078
92;Costco;Warehouse Club;1205 Memorial Pky NW;Huntsville;424849.926935;1544932.95712;Bulk Merchandise;35801;;;;"{""coordinates"": [-86.60330984774552, 34.743955627226796], ""type"": ""Point""}";34.743955627226796, -86.60330984774552
238;La Michoacana;Specialty;2007 University Dr NW;Huntsville;425231.348745;1543132.56144;Grocery;35816;;;;"{""coordinates"": [-86.60199451409812, 34.73901723659996], ""type"": ""Point""}";34.73901723659996, -86.60199451409812
144;Valley's Gas N Go;Convenience Store;4112 Bob Wallace Ave SW;Huntsville;417919.963105;1533784.35507;Convenience Store;35805;;;;"{""coordinates"": [-86.62608282344918, 34.71317803786607], ""type"": ""Point""}";34.71317803786607, -86.62608282344918
169;Greenbrier Fuel City;Convenience Store;6681 Swancott Rd SW;Madison;351999.301968;1506324.66393;Convenience Store;35756;;;;"{""coordinates"": [-86.84448369494675, 34.63611491894195], ""type"": ""Point""}";34.63611491894195, -86.84448369494675
120;Discount Food Mart;Convenience Store;1009 Winchester Rd NE;Huntsville;445240.0;1564774.00011;Convenience Store;35811;;;;"{""coordinates"": [-86.53590506948473, 34.798877650657815], ""type"": ""Point""}";34.798877650657815, -86.53590506948473
249;Foods for Life;Specialty;1407 Memorial Pky NW Unit C;Huntsville;425681.81602;1546434.66113;Health & Diet Foods Retail;35801;;;;"{""coordinates"": [-86.60057915170664, 34.74809888389872], ""type"": ""Point""}";34.74809888389872, -86.60057915170664
150;Texaco North Parkway;Convenience Store;3030 Memorial Pky NW;Huntsville;429507.886123;1552173.14408;Convenience Store;35810;;;;"{""coordinates"": [-86.58798729375837, 34.763944385483896], ""type"": ""Point""}";34.763944385483896, -86.58798729375837
240;Family Dollar;Variety Store;3610 Governors Dr NW;Huntsville;420889.201917;1536664.96315;Variety Store;35805;;;;"{""coordinates"": [-86.61627835957995, 34.72115611044987], ""type"": ""Point""}";34.72115611044987, -86.61627835957995
127;Dollar General;Variety Store;4710 University Dr NW;Huntsville;411502.021873;1542244.23415;Variety Store;35816;;;;"{""coordinates"": [-86.64766396671426, 34.736279721921775], ""type"": ""Point""}";34.736279721921775, -86.64766396671426
24;Rincom Guatemala;Specialty;2809 Governors Dr SW;Huntsville;424673.138575;1536087.69068;Grocery;35805;;;;"{""coordinates"": [-86.6036727373023, 34.719650376205934], ""type"": ""Point""}";34.719650376205934, -86.6036727373023
196;Mapco Mart;Convenience Store;8897 US 72 W Hwy NW;Madison;370110.154197;1546462.39631;Convenience Store;35758;;;;"{""coordinates"": [-86.78554731941435, 34.74686926342511], ""type"": ""Point""}";34.74686926342511, -86.78554731941435
6;Hye & Bye;Convenience Store;2212 Clinton Ave NW;Huntsville;425630.66586;1537720.69956;Grocery;35805;;;;"{""coordinates"": [-86.60052809776917, 34.72415702865619], ""type"": ""Point""}";34.72415702865619, -86.60052809776917
134;Walgreens;Drugstore;2100 Brandon St SW;Huntsville;432019.829918;1535476.88285;Drug and General Merchandise;35801;;;;"{""coordinates"": [-86.57921214516894, 34.718124350333355], ""type"": ""Point""}";34.718124350333355, -86.57921214516894
52;Harvest Shop Rite;Convenience Store;1820 Nick Davis Rd;Harvest;372060.176544;1567847.55039;Grocery;35749;;;;"{""coordinates"": [-86.77972761728236, 34.80567038374993], ""type"": ""Point""}";34.80567038374993, -86.77972761728236
211;Pulaski Corner Store;Convenience Store;4001 Pulaski Pke NW;Huntsville;420789.497064;1557720.64315;Convenience Store;35810;;;;"{""coordinates"": [-86.61715648156584, 34.77900210497398], ""type"": ""Point""}";34.77900210497398, -86.61715648156584
35;Dollar General Market;Supermarket;8466 Old Madison Pke;Madison;383584.861172;1531918.43492;Grocery;35758;;;;"{""coordinates"": [-86.74026200827305, 34.707254904254064], ""type"": ""Point""}";34.707254904254064, -86.74026200827305
161;Everyday Exxon;Convenience Store;4811 University Dr NW;Huntsville;409684.600967;1542439.93093;Convenience Store;35816;;;;"{""coordinates"": [-86.65371771991506, 34.73677678389428], ""type"": ""Point""}";34.73677678389428, -86.65371771991506
85;Grace African & Tropical Store;Specialty;3023 Memorial Pky NW Unit C;Huntsville;429118.760261;1552120.63631;Grocery;35810;;;;"{""coordinates"": [-86.58928145428551, 34.76379208927934], ""type"": ""Point""}";34.76379208927934, -86.58928145428551
214;Raceway;Convenience Store;11560 Memorial Pky SW;Huntsville;435193.0739;1499610.51003;Convenience Store;35803;;;;"{""coordinates"": [-86.56778335154955, 34.619647258617476], ""type"": ""Point""}";34.619647258617476, -86.56778335154955
45;Piggly Wiggly of New Hope;Supermarket;10199 US 431 S HWY;New Hope;476462.926399;1473721.55886;Grocery;35760;;;;"{""coordinates"": [-86.4301142113977, 34.54926423100984], ""type"": ""Point""}";34.54926423100984, -86.4301142113977
174;Rite Aid;Drugstore;4906 Whitesburg Dr SW;Huntsville;435076.749001;1525902.73796;Drug and General Merchandise;35802;;;;"{""coordinates"": [-86.56880780919738, 34.69188181888332], ""type"": ""Point""}";34.69188181888332, -86.56880780919738
133;Whitesburg Exxon;Convenience Store;8150 Whitesburg Dr SW;Huntsville;435609.968079;1513465.31205;Convenience Store;35802;;;;"{""coordinates"": [-86.56673285924138, 34.65772125345089], ""type"": ""Point""}";34.65772125345089, -86.56673285924138
220;Corner Store;Convenience Store;3105 Drake Ave SW;Huntsville;423525.259965;1528153.38109;Convenience Store;35805;;;;"{""coordinates"": [-86.60728911932195, 34.69782733854019], ""type"": ""Point""}";34.69782733854019, -86.60728911932195
51;Lanoche Buena;Specialty;1109 Jordan Ln NW;Huntsville;417364.496368;1542602.08579;Grocery;35816;;;;"{""coordinates"": [-86.62816278313159, 34.73739176181602], ""type"": ""Point""}";34.73739176181602, -86.62816278313159
202;Mastin Lake Chevron;Convenience Store;3501 Pulaski Pke NW;Huntsville;420777.913098;1555074.53591;Convenience Store;35810;;;;"{""coordinates"": [-86.61712630274151, 34.77173200347425], ""type"": ""Point""}";34.77173200347425, -86.61712630274151
135;Walgreens;Drugstore;3120 Bob Wallace Ave SW;Huntsville;423197.787851;1533353.52686;Drug and General Merchandise;35805;;;;"{""coordinates"": [-86.60851172271902, 34.71210736896445], ""type"": ""Point""}";34.71210736896445, -86.60851172271902
270;Dollar General;Variety Store;7185 Wall Triana Hwy;Madison;381330.223949;1563710.04292;Variety Store;35757;;;;"{""coordinates"": [-86.74872596538428, 34.79453974262601], ""type"": ""Point""}";34.79453974262601, -86.74872596538428
76;Fuel Center;Convenience Store;3705 Drake Ave SW;Huntsville;419870.084205;1528209.55848;Convenience Store;35805;;;;"{""coordinates"": [-86.61944960788661, 34.69790384988104], ""type"": ""Point""}";34.69790384988104, -86.61944960788661
208;Hillwood Chevron;Convenience Store;11249 Memorial Pky SE;Huntsville;435691.148035;1505772.66798;Convenience Store;35803;;;;"{""coordinates"": [-86.56627691052122, 34.63658759210296], ""type"": ""Point""}";34.63658759210296, -86.56627691052122
140;Vish Quick Stop;Convenience Store;2200 University Dr NW;Huntsville;424695.510906;1543247.28201;Convenience Store;35816;;;;"{""coordinates"": [-86.60378080646362, 34.73932115200758], ""type"": ""Point""}";34.73932115200758, -86.60378080646362
285;Rite Aid;Drugstore;8000 Madison Blv;Madison;390386.000128;1526272.36976;Drug and General Merchandise;35758;;;;"{""coordinates"": [-86.71747091087163, 34.69190955621425], ""type"": ""Point""}";34.69190955621425, -86.71747091087163
87;Ayers Farm Family Market;Produce Market;2015 Memorial Pky SW;Huntsville;428272.092335;1535848.51925;Produce;35801;;;;"{""coordinates"": [-86.5916915325412, 34.719068406470804], ""type"": ""Point""}";34.719068406470804, -86.5916915325412
268;Dollar General;Variety Store;5836 AL 53 Hwy;Harvest;392884.824855;1581945.55894;Variety Store;35749;;;;"{""coordinates"": [-86.71077664164818, 34.84492136308852], ""type"": ""Point""}";34.84492136308852, -86.71077664164818
164;Fast Stop;Convenience Store;4901 Meridian St NW;Huntsville;434283.069158;1562736.17807;Convenience Store;35810;;;;"{""coordinates"": [-86.57234848235592, 34.79306280275613], ""type"": ""Point""}";34.79306280275613, -86.57234848235592
16;Jazime Tequira;Specialty;2108 Triana Blv SW;Huntsville;422931.765089;1535541.04184;Grocery;35805;;;;"{""coordinates"": [-86.60945295594246, 34.71811173262459], ""type"": ""Point""}";34.71811173262459, -86.60945295594246
94;Walmart Neighborhood Market;Supermarket;4226 Oakwood Ave NW;Huntsville;415748.182016;1547338.13275;Grocery;35810;;;;"{""coordinates"": [-86.63366751698983, 34.75036825908777], ""type"": ""Point""}";34.75036825908777, -86.63366751698983
277;CVS;Drugstore;2212 Whitesburg Dr SW;Huntsville;432402.908877;1534950.02597;Drug and General Merchandise;35801;;;;"{""coordinates"": [-86.5779245259802, 34.71668464616829], ""type"": ""Point""}";34.71668464616829, -86.5779245259802
197;Kangaroo Express;Convenience Store;6278 University Dr NW;Huntsville;401180.785954;1545949.48002;Convenience Store;35806;;;;"{""coordinates"": [-86.68211733926319, 34.746224820807726], ""type"": ""Point""}";34.746224820807726, -86.68211733926319
33;Super Target;Supermarket;6275 University Dr NW;Huntsville;401642.784701;1544758.02341;Grocery;35806;;;;"{""coordinates"": [-86.68054619700466, 34.74296218369943], ""type"": ""Point""}";34.74296218369943, -86.68054619700466
109;C J Food Mart;Convenience Store;2598 Sparkman Dr NW;Huntsville;426324.96598;1552069.07408;Convenience Store;35810;;;;"{""coordinates"": [-86.5985812002821, 34.76359232469367], ""type"": ""Point""}";34.76359232469367, -86.5985812002821
294;Walmart Neighborhood Market;Supermarket;2305 Jordan Ln SW;Huntsville;418273.388907;1533929.60675;Grocery;35805;2016-10-13T07:30:00+05:30;;;"{""coordinates"": [-86.62491073219853, 34.71358474780493], ""type"": ""Point""}";34.71358474780493, -86.62491073219853
229;Meridian Street Hop In;Convenience Store;3310 Meridian St NE;Huntsville;434361.800956;1553776.18188;Convenience Store;35811;;;;"{""coordinates"": [-86.57186685318544, 34.76844767375539], ""type"": ""Point""}";34.76844767375539, -86.57186685318544
47;Earth Fare;Supermarket;5900 University Dr NW Unit C;Huntsville;406002.865876;1544502.15811;Grocery;35806;;;;"{""coordinates"": [-86.66602754577157, 34.74235931549691], ""type"": ""Point""}";34.74235931549691, -86.66602754577157
147;University Chevron;Convenience Store;2605 University Dr NW;Huntsville;423952.218101;1542456.9601;Convenience Store;35816;;;;"{""coordinates"": [-86.60623440876736, 34.737134147126895], ""type"": ""Point""}";34.737134147126895, -86.60623440876736
104;Big Cove Raceway;Convenience Store;5695 US 431 S Hwy SE;Brownsboro;455473.045151;1524657.50488;Convenience Store;35741;;;;"{""coordinates"": [-86.5009350326861, 34.688851113086216], ""type"": ""Point""}";34.688851113086216, -86.5009350326861
254;Publix;Supermarket;5850 Al 53 Hwy;Harvest;393002.949947;1582523.28482;Grocery;35749;;;;"{""coordinates"": [-86.71039984703705, 34.84651137685319], ""type"": ""Point""}";34.84651137685319, -86.71039984703705
152;Sparkman BP;Convenience Store;2537 Sparkman Dr NW;Huntsville;427021.667999;1551876.72013;Convenience Store;35810;;;;"{""coordinates"": [-86.5962568957066, 34.76307840809898], ""type"": ""Point""}";34.76307840809898, -86.5962568957066
193;Mapco Express;Convenience Store;2220 Zierdt Rd SW;Huntsville;389983.231905;1509358.52203;Convenience Store;35824;;;;"{""coordinates"": [-86.7183162648432, 34.64543150619426], ""type"": ""Point""}";34.64543150619426, -86.7183162648432
115;CVS;Drugstore;3115 Bob Wallace Ave SW;Huntsville;423132.280108;1532921.92602;Drug and General Merchandise;35805;;;;"{""coordinates"": [-86.60871860679029, 34.710920197180464], ""type"": ""Point""}";34.710920197180464, -86.60871860679029
278;CVS;Drugstore;2001 Cecil Ashburn Dr SE;Huntsville;444114.032108;1518802.15209;Drug and General Merchandise;35802;;;;"{""coordinates"": [-86.5385813274271, 34.6725508962697], ""type"": ""Point""}";34.6725508962697, -86.5385813274271
239;Tango Oriental Market;Specialty;8402 Whitesburg Dr SW Unit H;Huntsville;435506.261922;1512179.62892;Grocery;35802;;;;"{""coordinates"": [-86.56704654699696, 34.654186812682504], ""type"": ""Point""}";34.654186812682504, -86.56704654699696
213;Quik Mart;Convenience Store;3720 AL 53 Hwy NW;Huntsville;405802.779006;1562622.42895;Convenience Store;35806;;;;"{""coordinates"": [-86.6671940353163, 34.79213742275874], ""type"": ""Point""}";34.79213742275874, -86.6671940353163
122;Dollar General;Variety Store;6201 Old Madison Pke NW;Huntsville;408139.1139;1533629.88786;Variety Store;35806;;;;"{""coordinates"": [-86.65862058891275, 34.71253756997968], ""type"": ""Point""}";34.71253756997968, -86.65862058891275
283;CVS;Drugstore;8470 US 72 W Hwy NW;Madison;375306.497151;1547349.63306;Drug and General Merchandise;35757;;;;"{""coordinates"": [-86.76827954187283, 34.74944075822591], ""type"": ""Point""}";34.74944075822591, -86.76827954187283
21;Namaste Plaza;Specialty;600 Jordan Ln NW;Huntsville;417788.226492;1539193.16971;Grocery;35816;;;;"{""coordinates"": [-86.62666306070844, 34.72803533605548], ""type"": ""Point""}";34.72803533605548, -86.62666306070844
219;Campus Corner;Convenience Store;109 Winchester Rd NE;Huntsville;434593.288026;1562764.76791;Convenience Store;35811;;;;"{""coordinates"": [-86.57131603626289, 34.79314761920337], ""type"": ""Point""}";34.79314761920337, -86.57131603626289
130;Sam's Club;Warehouse Club;5651 Holmes Ave NW;Huntsville;408227.944103;1542091.88504;Bulk Merchandise;35816;;;;"{""coordinates"": [-86.6585560399924, 34.73578782459285], ""type"": ""Point""}";34.73578782459285, -86.6585560399924
286;Rite Aid;Drugstore;298 Hughes Rd;Madison;382834.632029;1531554.2529;Drug and General Merchandise;35758;;;;"{""coordinates"": [-86.7427469146934, 34.706235776925304], ""type"": ""Point""}";34.706235776925304, -86.7427469146934
79;Toney's Food Mart;Convenience Store;11856 Pulaski Pike;Toney;392431.72504;1613947.04514;Convenience Store;35773;;;;"{""coordinates"": [-86.71322332774835, 34.93282681640161], ""type"": ""Point""}";34.93282681640161, -86.71322332774835
234;Parkway Chevron;Convenience Store;4964 Memorial Pky NW;Huntsville;432876.013573;1562470.21404;Convenience Store;35810;;;;"{""coordinates"": [-86.57702794385776, 34.79230355128922], ""type"": ""Point""}";34.79230355128922, -86.57702794385776
131;Sam's Club;Warehouse Club;2235 National Blv SW;Huntsville;433861.102811;1507854.17366;Bulk Merchandise;35803;;;;"{""coordinates"": [-86.57241091988332, 34.642269748572154], ""type"": ""Point""}";34.642269748572154, -86.57241091988332
297;Kroger;Supermarket;4579 Wall Triana Hwy;Madison;380807.91397;1532251.1977;Grocery;35758;2016-10-13T07:30:00+05:30;;;"{""coordinates"": [-86.74832795454614, 34.70825197876831], ""type"": ""Point""}";34.70825197876831, -86.74832795454614
89;W.L. Halsey;Specialty;300 Jefferson St NW;Huntsville;429472.015132;1541057.38908;Cash and Carry;35801;;;;"{""coordinates"": [-86.58782893877648, 34.73340413630982], ""type"": ""Point""}";34.73340413630982, -86.58782893877648
269;Dollar General;Variety Store;1935 Jeff Rd;Huntsville;392209.34786;1570500.82199;Variety Store;35806;;;;"{""coordinates"": [-86.71269324040581, 34.81346314424753], ""type"": ""Point""}";34.81346314424753, -86.71269324040581
160;Drake Food Mart;Convenience Store;2100 Drake Ave SW Unit A;Huntsville;428096.968998;1531055.62004;Convenience Store;35805;;;;"{""coordinates"": [-86.59215395297086, 34.705896665001816], ""type"": ""Point""}";34.705896665001816, -86.59215395297086
5;Hi & Bye Grocery;Convenience Store;1449 O'Shaughnessy Ave NE;Huntsville;435492.82002;1544522.85492;Grocery;35801;;;;"{""coordinates"": [-86.56787607633653, 34.74304771170523], ""type"": ""Point""}";34.74304771170523, -86.56787607633653
98;5 Points Fuel Stop;Convenience Store;205 Andrew Jackson Way NE;Huntsville;432711.361016;1542669.06597;Convenience Store;35801;;;;"{""coordinates"": [-86.57708814883874, 34.73789839082788], ""type"": ""Point""}";34.73789839082788, -86.57708814883874
273;Dollar General;Variety Store;110 Crossing Blv;Meridianville;435500.265871;1590606.71616;Variety Store;35759;;;;"{""coordinates"": [-86.56897547420567, 34.869658369863714], ""type"": ""Point""}";34.869658369863714, -86.56897547420567
184;MinitMan;Convenience Store;5004 Whitesburg Dr SW;Huntsville;435110.177084;1525581.34884;Convenience Store;35802;;;;"{""coordinates"": [-86.56868880708701, 34.69099949079468], ""type"": ""Point""}";34.69099949079468, -86.56868880708701
7;Hobbs Island Grocery & Beverage;Convenience Store;981 Hobbs Island Rd;Huntsville;441953.540038;1479048.81592;Grocery;35803;;;;"{""coordinates"": [-86.54483349549331, 34.56328711044929], ""type"": ""Point""}";34.56328711044929, -86.54483349549331
217;Tide Clean;Convenience Store;2407 Memorial Pky NW Unit A;Huntsville;427223.484852;1549024.06803;Convenience Store;35810;;;;"{""coordinates"": [-86.59551298583956, 34.75524524564882], ""type"": ""Point""}";34.75524524564882, -86.59551298583956
274;Fred's;Variety Store;7271 Wall Triana Hwy;Madison;381478.763678;1564731.18786;Variety Store;35757;;;;"{""coordinates"": [-86.74826227696497, 34.797348827093884], ""type"": ""Point""}";34.797348827093884, -86.74826227696497
233;Om Sirdi Sai Inc;Convenience Store;1450 Sparkman Dr NW;Huntsville;412125.900874;1543196.93303;Convenience Store;35816;;;;"{""coordinates"": [-86.6456132881309, 34.738911006835224], ""type"": ""Point""}";34.738911006835224, -86.6456132881309
40;Walmart Supercenter;Supermarket;6140 University Dr NW;Huntsville;403037.94989;1546249.14838;Grocery;35806;;;;"{""coordinates"": [-86.67594429545997, 34.74709104020719], ""type"": ""Point""}";34.74709104020719, -86.67594429545997
258;Dollar General;Variety Store;2900 Triana Blv SW Unit A;Huntsville;422555.038153;1532774.81312;Variety Store;35805;;;;"{""coordinates"": [-86.61063533948199, 34.71050378042479], ""type"": ""Point""}";34.71050378042479, -86.61063533948199
291;Publix;Supermarket;7830 US 72 Hwy W;Madison;383316.987036;1549690.41085;Grocery;35758;;;;"{""coordinates"": [-86.74168724540479, 34.75607336129748], ""type"": ""Point""}";34.75607336129748, -86.74168724540479
241;Family Dollar;Variety Store;3012 Memorial Pky NW;Huntsville;429777.615899;1551766.91884;Variety Store;35810;;;;"{""coordinates"": [-86.58707916555147, 34.76283388415531], ""type"": ""Point""}";34.76283388415531, -86.58707916555147
55;Curt & Betty's Grocery;Convenience Store;110 Wilson Mann Rd;Owens Cross Roads;468061.662034;1487877.83008;Grocery;35763;;;;"{""coordinates"": [-86.45830339687583, 34.58801994912534], ""type"": ""Point""}";34.58801994912534, -86.45830339687583
264;Dollar General;Variety Store;7950 US 72 W Hwy Unit D;Madison;381239.348146;1548908.70999;Variety Store;35758;;;;"{""coordinates"": [-86.74857947816454, 34.753874012196604], ""type"": ""Point""}";34.753874012196604, -86.74857947816454
11;John's Big Brother Super Market;Supermarket;4008 Holmes Ave NW;Huntsville;417128.494872;1539166.1527;Grocery;35816;;;;"{""coordinates"": [-86.62885775375631, 34.72794679188491], ""type"": ""Point""}";34.72794679188491, -86.62885775375631
251;Walmart Neighborhood Market;Supermarket;7140 Wall Triana Hwy;Madison;381018.66158;1563299.35181;Grocery;35757;;;;"{""coordinates"": [-86.74975107345335, 34.793403653194645], ""type"": ""Point""}";34.793403653194645, -86.74975107345335
57;EZ Xpress;Convenience Store;4113 Bob Wallace Ave SW;Huntsville;417857.453388;1533564.94803;Convenience Store;35805;;;;"{""coordinates"": [-86.62628504778793, 34.71257388578745], ""type"": ""Point""}";34.71257388578745, -86.62628504778793
276;Far East Market;Specialty;7193 US 72 W Hwy NW Unit A;Madison;390904.359984;1549314.616;Grocery;35758;;;;"{""coordinates"": [-86.71641967497902, 34.75522672578309], ""type"": ""Point""}";34.75522672578309, -86.71641967497902
25;Walmart Neighborhood Market;Supermarket;9020 Bailey Cove Rd SE;Huntsville;443125.514728;1509610.99692;Grocery;35802;;;;"{""coordinates"": [-86.54165380294569, 34.64727935486161], ""type"": ""Point""}";34.64727935486161, -86.54165380294569
252;Whole Foods Market;Supermarket;2501 Memorial Pky SW;Huntsville;428804.1582;1533412.12222;Grocery;35801;;;;"{""coordinates"": [-86.58986017546226, 34.71238560529232], ""type"": ""Point""}";34.71238560529232, -86.58986017546226
58;All In One Discount Center;Convenience Store;2520 Oakwood Ave NW;Huntsville;422882.842287;1547095.79268;Convenience Store;35810;;;;"{""coordinates"": [-86.60991266262833, 34.74985621974226], ""type"": ""Point""}";34.74985621974226, -86.60991266262833
287;Rite Aid;Drugstore;12290 US 231-431 N Hwy;Meridianville;435376.585016;1591169.6071;Drug and General Merchandise;35759;;;;"{""coordinates"": [-86.56940154236973, 34.871202341109786], ""type"": ""Point""}";34.871202341109786, -86.56940154236973
77;Super Value Grocery Store;Convenience Store;8286 Wall Triana Hwy;Harvest;381197.688453;1576778.4574;Convenience Store;35749;;;;"{""coordinates"": [-86.74956470175705, 34.83043882608231], ""type"": ""Point""}";34.83043882608231, -86.74956470175705
289;Walgreens;Drugstore;3500 Mastin Lake Rd NW;Huntsville;421055.812148;1555151.54888;Drug and General Merchandise;35810;;;;"{""coordinates"": [-86.61620304008896, 34.771949540674086], ""type"": ""Point""}";34.771949540674086, -86.61620304008896
61;Clinton Ave Grocery;Convenience Store;2310 Clinton Ave NW;Huntsville;425063.574802;1537398.45414;Convenience Store;35805;;;;"{""coordinates"": [-86.60240694435377, 34.723259789546525], ""type"": ""Point""}";34.723259789546525, -86.60240694435377
26;ALDI;Supermarket;4710 University Dr NW Unit R1;Huntsville;411115.643709;1542357.85137;Grocery;35816;;;;"{""coordinates"": [-86.64895291479236, 34.736583266754764], ""type"": ""Point""}";34.736583266754764, -86.64895291479236
80;Triana Food Mart;Convenience Store;3906 Triana Blvd SW;Huntsville;422727.563398;1527377.25535;Convenience Store;35805;;;;"{""coordinates"": [-86.60992275896834, 34.69567811541305], ""type"": ""Point""}";34.69567811541305, -86.60992275896834
15;Glory Afrikan Store;Specialty;3204 Ninth Ave SW;Huntsville;422905.383252;1534741.95748;Grocery;35805;;;;"{""coordinates"": [-86.60952022227062, 34.715915762627155], ""type"": ""Point""}";34.715915762627155, -86.60952022227062
110;Citgo Express;Convenience Store;204 Jordan Ln NW;Huntsville;417646.208075;1537206.99816;Convenience Store;35805;;;;"{""coordinates"": [-86.62708349664754, 34.722575464108964], ""type"": ""Point""}";34.722575464108964, -86.62708349664754
46;Kroger;Supermarket;7090 US 72 W Hwy NW;Huntsville;392265.301488;1549962.89391;Grocery;35806;;;;"{""coordinates"": [-86.71190831885286, 34.75704052219568], ""type"": ""Point""}";34.75704052219568, -86.71190831885286
81;Triangle Grocery;Convenience Store;9501 Moores Mill Rd;New Market;448065.530767;1603032.98691;Convenience Store;35761;;;;"{""coordinates"": [-86.52737635523704, 34.9040442830611], ""type"": ""Point""}";34.9040442830611, -86.52737635523704
32;Star Super Market;Supermarket;12078 US 231-431 N Hwy;Meridianville;435014.136922;1588794.22733;Grocery;35759;;;;"{""coordinates"": [-86.57055152306879, 34.86466898679865], ""type"": ""Point""}";34.86466898679865, -86.57055152306879
121;Ditto Landing Jet Pep;Convenience Store;13375 Memorial Pky SE Unit A;Huntsville;436669.249097;1487882.91406;Convenience Store;35803;;;;"{""coordinates"": [-86.56259563040287, 34.58745525977469], ""type"": ""Point""}";34.58745525977469, -86.56259563040287
78;Texaco Mini Discount;Convenience Store;8500 Old Madison Pke;Madison;383238.084634;1531926.38011;Convenience Store;35758;;;;"{""coordinates"": [-86.74141590062123, 34.70726813958933], ""type"": ""Point""}";34.70726813958933, -86.74141590062123
105;Bob Wallace Texaco;Convenience Store;3200 Bob Wallace Ave SW;Huntsville;422854.386963;1533229.22987;Convenience Store;35805;;;;"{""coordinates"": [-86.60965106087811, 34.71175859953907], ""type"": ""Point""}";34.71175859953907, -86.60965106087811
67;JJ Grocery;Convenience Store;111 Phillips Rd;Hazel Green;456558.471786;1629277.03646;Convenience Store;35750;;;;"{""coordinates"": [-86.49963621474346, 34.97630493212857], ""type"": ""Point""}";34.97630493212857, -86.49963621474346
128;Dollar General;Variety Store;2601 Memorial Pky NW;Huntsville;427738.136054;1550549.38486;Variety Store;35810;;;;"{""coordinates"": [-86.59383821851681, 34.75944661209775], ""type"": ""Point""}";34.75944661209775, -86.59383821851681
112;Conoco Food Mart;Convenience Store;2614 Governors Dr SW;Huntsville;425278.350947;1536319.41201;Convenience Store;35805;;;;"{""coordinates"": [-86.60166483834384, 34.72029972723644], ""type"": ""Point""}";34.72029972723644, -86.60166483834384
142;Victory Food Mart;Convenience Store;6000 Pulaski Pke NW;Huntsville;421273.907841;1562965.69008;Convenience Store;35810;;;;"{""coordinates"": [-86.61567956301757, 34.7934225790051], ""type"": ""Point""}";34.7934225790051, -86.61567956301757
99;A & T Food Mart;Convenience Store;1110 Washington St NW;Huntsville;429259.975858;1545411.97715;Convenience Store;35801;;;;"{""coordinates"": [-86.58864346971173, 34.74536360778457], ""type"": ""Point""}";34.74536360778457, -86.58864346971173
138;Walgreens;Drugstore;274 Sutton Rd SE;Owens Cross Roads;458918.71805;1513923.29276;Drug and General Merchandise;35763;;;;"{""coordinates"": [-86.48924130368611, 34.6594211119141], ""type"": ""Point""}";34.6594211119141, -86.48924130368611
116;CVS;Drugstore;2210 Winchester Rd NE;Huntsville;458416.359146;1571261.64002;Drug and General Merchandise;35811;;;;"{""coordinates"": [-86.49216096359052, 34.816947471871764], ""type"": ""Point""}";34.816947471871764, -86.49216096359052
151;Sparkman Market;Convenience Store;1214 Sparkman Dr NW;Huntsville;412319.741038;1542976.83406;Convenience Store;35816;;;;"{""coordinates"": [-86.64496224658163, 34.73831061335244], ""type"": ""Point""}";34.73831061335244, -86.64496224658163
103;Big A Convenience Store;Convenience Store;2551 Bob Wallace Ave SW;Huntsville;425729.38515;1532956.18186;Convenience Store;35805;;;;"{""coordinates"": [-86.60007875737926, 34.711068995420455], ""type"": ""Point""}";34.711068995420455, -86.60007875737926
188;MinitMan Amoco;Convenience Store;5600 US 431 Hwy SE;Brownsboro;454176.269857;1524707.66489;Convenience Store;35741;;;;"{""coordinates"": [-86.50524954115716, 34.68896522304653], ""type"": ""Point""}";34.68896522304653, -86.50524954115716
126;Dollar General;Variety Store;2340 Whitesburg Dr SW;Huntsville;433096.343842;1533723.03597;Variety Store;35801;;;;"{""coordinates"": [-86.57558713204008, 34.71332765590087], ""type"": ""Point""}";34.71332765590087, -86.57558713204008
3;Food Valu;Supermarket;1762 Winchester Rd NE;Huntsville;453753.837631;1568711.15267;Grocery;35811;;;;"{""coordinates"": [-86.50763654088239, 34.80985509962194], ""type"": ""Point""}";34.80985509962194, -86.50763654088239
111;Citgo Fuel Express;Convenience Store;2064 US 72 E Hwy NE Unit B;Huntsville;450867.518929;1554778.74189;Convenience Store;35811;;;;"{""coordinates"": [-86.51693518258165, 34.77152309973619], ""type"": ""Point""}";34.77152309973619, -86.51693518258165
198;Kangaroo Express;Convenience Store;5000 Memorial Pky NW;Huntsville;433040.239951;1562851.81301;Convenience Store;35810;;;;"{""coordinates"": [-86.57649041996062, 34.79335529500142], ""type"": ""Point""}";34.79335529500142, -86.57649041996062
141;Victory Handy Food Mart;Convenience Store;3420 Memorial Pky NW;Huntsville;430301.647987;1554643.82811;Convenience Store;35810;;;;"{""coordinates"": [-86.58540627622162, 34.77074869491265], ""type"": ""Point""}";34.77074869491265, -86.58540627622162
37;9th Avenue Top Stop;Convenience Store;4003 Ninth Ave SW;Huntsville;419286.091278;1534728.77346;Grocery;35805;;;;"{""coordinates"": [-86.62156215394239, 34.71580222428398], ""type"": ""Point""}";34.71580222428398, -86.62156215394239
113;CVS;Drugstore;11030 Memorial Pky SW;Huntsville;435202.050916;1503421.28784;Drug and General Merchandise;35803;;;;"{""coordinates"": [-86.56784577494608, 34.63011745895907], ""type"": ""Point""}";34.63011745895907, -86.56784577494608
226;Lakeside Food Mart;Convenience Store;2990 AL 53 Hwy NW;Huntsville;410694.693107;1555220.45688;Convenience Store;35806;;;;"{""coordinates"": [-86.65070200522602, 34.77191213312491], ""type"": ""Point""}";34.77191213312491, -86.65070200522602
171;Hampton Cove Exxon;Convenience Store;6585 US 431 S Hwy SE;Owens Cross Roads;460688.174156;1514629.0689;Convenience Store;35763;;;;"{""coordinates"": [-86.4833728577476, 34.66139174817362], ""type"": ""Point""}";34.66139174817362, -86.4833728577476
70;Moores Mill Grocery;Convenience Store;7346  Moores Mill Rd;Huntsville;450468.731013;1578951.85824;Convenience Store;35811;;;;"{""coordinates"": [-86.5188126099129, 34.83792944049043], ""type"": ""Point""}";34.83792944049043, -86.5188126099129
157;Service Food;Convenience Store;404 US 72 E Hwy NW;Huntsville;432543.649081;1551518.62308;Convenience Store;35811;;;;"{""coordinates"": [-86.57786448478669, 34.76220837220692], ""type"": ""Point""}";34.76220837220692, -86.57786448478669
242;Family Dollar;Variety Store;809 Wellman Ave NE;Huntsville;433056.332111;1542669.481;Variety Store;35801;;;;"{""coordinates"": [-86.5759400403636, 34.737906536659374], ""type"": ""Point""}";34.737906536659374, -86.5759400403636
206;L & N Texaco;Convenience Store;4200 Bob Wallace Ave SW;Huntsville;417505.396021;1533811.80186;Convenience Store;35805;;;;"{""coordinates"": [-86.6274628624007, 34.71324446246964], ""type"": ""Point""}";34.71324446246964, -86.6274628624007
82;Mapco Express;Convenience Store;6670 US 431 S Hwy SE;Owens Cross Roads;460591.860373;1513717.85714;Convenience Store;35763;;;;"{""coordinates"": [-86.48367355726094, 34.658886477699625], ""type"": ""Point""}";34.658886477699625, -86.48367355726094
170;Greenbrier Chevron;Convenience Store;6725 Swancott Rd SW;Madison;351917.274901;1506657.20001;Convenience Store;35756;;;;"{""coordinates"": [-86.84476743154534, 34.63702622370485], ""type"": ""Point""}";34.63702622370485, -86.84476743154534
263;Dollar General;Variety Store;610 Nance Rd NW;Madison;386203.370042;1555327.71192;Variety Store;35757;;;;"{""coordinates"": [-86.73224706717846, 34.77163201768446], ""type"": ""Point""}";34.77163201768446, -86.73224706717846
210;Pulaski Wavaho;Convenience Store;1619 Pulaski Pke NW;Huntsville;423988.332858;1544448.08308;Convenience Store;35816;;;;"{""coordinates"": [-86.60616515350206, 34.74260532078875], ""type"": ""Point""}";34.74260532078875, -86.60616515350206
139;Walgreens;Drugstore;3997 University Dr NW;Huntsville;417941.134651;1541526.23919;Drug and General Merchandise;35816;;;;"{""coordinates"": [-86.62621543925339, 34.73444850202436], ""type"": ""Point""}";34.73444850202436, -86.62621543925339
271;Dollar General;Variety Store;136 Countess Rd NE;Huntsville;435083.643016;1575727.23805;Variety Store;35810;;;;"{""coordinates"": [-86.56999984482447, 34.828770480244934], ""type"": ""Point""}";34.828770480244934, -86.56999984482447
266;Dollar General;Variety Store;12879 Memorial Pky SE;Huntsville;437248.429041;1491761.21208;Variety Store;35803;;;;"{""coordinates"": [-86.56076437784955, 34.59812234657817], ""type"": ""Point""}";34.59812234657817, -86.56076437784955
218;Y & J Corporation;Convenience Store;600 Jordan Ln NW Unit 5;Huntsville;417779.807874;1539081.58988;Convenience Store;35816;;;;"{""coordinates"": [-86.6266881464345, 34.72772860009484], ""type"": ""Point""}";34.72772860009484, -86.6266881464345
148;Triana Food Mart;Convenience Store;3906 Triana Blv SW;Huntsville;422727.563398;1527377.25535;Convenience Store;35805;;;;"{""coordinates"": [-86.60992275896834, 34.69567811541305], ""type"": ""Point""}";34.69567811541305, -86.60992275896834
284;Rite Aid;Drugstore;444 Wynn Dr NW;Huntsville;409850.116056;1541593.20887;Drug and General Merchandise;35816;;;;"{""coordinates"": [-86.65314390133514, 34.73445423385731], ""type"": ""Point""}";34.73445423385731, -86.65314390133514
272;Dollar General;Variety Store;30664 US 72 W Hwy NW;Madison;369636.419909;1546610.02167;Variety Store;35756;;;;"{""coordinates"": [-86.78712872930971, 34.747262490322136], ""type"": ""Point""}";34.747262490322136, -86.78712872930971
236;Pharmacy First;Drugstore;2302 Whitesburg Dr SW;Huntsville;432630.205994;1534679.08195;Drug and General Merchandise;35801;;;;"{""coordinates"": [-86.57716157265409, 34.71594486659738], ""type"": ""Point""}";34.71594486659738, -86.57716157265409
172;Rite Aid;Drugstore;1338 Winchester Rd NE Unit A;Huntsville;449107.47094;1566025.29288;Drug and General Merchandise;35811;;;;"{""coordinates"": [-86.52305253638384, 34.80238916149565], ""type"": ""Point""}";34.80238916149565, -86.52305253638384
292;ALDI;Supermarket;7676 US 72 W Hwy NW;Huntsville;385020.044981;1549484.69211;Grocery;35758;;;;"{""coordinates"": [-86.73611281361067, 34.75580987725604], ""type"": ""Point""}";34.75580987725604, -86.73611281361067
290;Walgreens;Drugstore;7813 US 72 W Hwy;Madison;383324.68912;1548637.95791;Drug and General Merchandise;35758;;;;"{""coordinates"": [-86.7416299443598, 34.75318215113843], ""type"": ""Point""}";34.75318215113843, -86.7416299443598
245;Family Dollar;Variety Store;3407 Pulaski Pke NW;Huntsville;420723.577905;1554591.72093;Variety Store;35810;;;;"{""coordinates"": [-86.61729466627212, 34.770404363163095], ""type"": ""Point""}";34.770404363163095, -86.61729466627212
177;Papa Jack's;Convenience Store;3318 Bob Wallace Ave SW;Huntsville;421899.971877;1533565.33484;Convenience Store;35805;;;;"{""coordinates"": [-86.61283514428798, 34.712661742723284], ""type"": ""Point""}";34.712661742723284, -86.61283514428798
88;Madison County Farmers Market;Produce Market;1022 Cook Ave NW;Huntsville;426150.228797;1544800.42851;Produce;35801;;;;"{""coordinates"": [-86.5989785850123, 34.743618803252794], ""type"": ""Point""}";34.743618803252794, -86.5989785850123
8;Hunter and Potter Grocery;Convenience Store;1476 Joe Quick Rd;New Market;451102.558813;1616157.37471;Grocery;35761;;;;"{""coordinates"": [-86.51754742959017, 34.94015926871918], ""type"": ""Point""}";34.94015926871918, -86.51754742959017
257;Dollar General;Variety Store;2806 Holmes Ave NW;Huntsville;423566.94;1539891.09581;Variety Store;35816;;;;"{""coordinates"": [-86.60745091387426, 34.730076543330924], ""type"": ""Point""}";34.730076543330924, -86.60745091387426
225;Kyles Corner;Convenience Store;307 Andrew Jackson Way NE;Huntsville;432731.758941;1543264.33184;Convenience Store;35801;;;;"{""coordinates"": [-86.5770349155986, 34.73953425006949], ""type"": ""Point""}";34.73953425006949, -86.5770349155986
91;Circle C;Convenience Store;13001 Memorial Pky SE;Huntsville;436964.381053;1490649.10801;Convenience Store;35803;;;;"{""coordinates"": [-86.56168147962833, 34.595061218886954], ""type"": ""Point""}";34.595061218886954, -86.56168147962833
10;Jamos Grocery;Specialty;504 Jordan Lane NW;Huntsville;417772.791155;1538639.33683;Grocery;35805;;;;"{""coordinates"": [-86.62669988642963, 34.72651340547859], ""type"": ""Point""}";34.72651340547859, -86.62669988642963
4;Griner's Supermarket;Supermarket;14470 US 231-431 N Hwy;Hazel Green;435149.314801;1616624.01386;Grocery;35750;;;;"{""coordinates"": [-86.57078414658451, 34.94112984619951], ""type"": ""Point""}";34.94112984619951, -86.57078414658451
227;Lucky Spot;Convenience Store;300 Oakwood Ave NW;Huntsville;429904.460133;1546879.19797;Convenience Store;35811;;;;"{""coordinates"": [-86.58653492870548, 34.749407948706825], ""type"": ""Point""}";34.749407948706825, -86.58653492870548
123;Dollar General;Variety Store;2806 Memorial Pky SW;Huntsville;428625.098847;1531604.55004;Variety Store;35801;;;;"{""coordinates"": [-86.59041067608888, 34.7074157383811], ""type"": ""Point""}";34.7074157383811, -86.59041067608888
36;Dollar General Market;Supermarket;3700 Blue Spring Rd NW;Huntsville;426703.314633;1554642.1726;Grocery;35810;;;;"{""coordinates"": [-86.59738675673027, 34.77066954818599], ""type"": ""Point""}";34.77066954818599, -86.59738675673027
38;Suraj Imports;Specialty;4320 University Dr NW;Huntsville;415576.794563;1542084.03926;Grocery;35816;;;;"{""coordinates"": [-86.63409869364042, 34.73592951781199], ""type"": ""Point""}";34.73592951781199, -86.63409869364042
228;Med Express;Convenience Store;2000 Whitesburg Dr SW;Huntsville;431946.694894;1536040.52313;Convenience Store;35801;;;;"{""coordinates"": [-86.57946940292524, 34.7196714203715], ""type"": ""Point""}";34.7196714203715, -86.57946940292524
155;Shell Food Mart;Convenience Store;2599 Sparkman Dr NW;Huntsville;426386.875961;1551803.40696;Convenience Store;35810;;;;"{""coordinates"": [-86.59836835720427, 34.76286372759896], ""type"": ""Point""}";34.76286372759896, -86.59836835720427
48;The Fresh Market;Supermarket;4800 Whitesburg Dr SW;Huntsville;434650.218686;1525941.11321;Grocery;35802;;;;"{""coordinates"": [-86.57022752041134, 34.691978682305034], ""type"": ""Point""}";34.691978682305034, -86.57022752041134
41;Walmart Supercenter;Supermarket;330 Sutton Road SE;Huntsville;459956.099177;1513204.16263;Grocery;35763;;;;"{""coordinates"": [-86.48577644113783, 34.65746380346288], ""type"": ""Point""}";34.65746380346288, -86.48577644113783
262;Dollar General;Variety Store;5991 Pulaski Pke NW;Huntsville;420935.306156;1562768.63404;Variety Store;35810;;;;"{""coordinates"": [-86.61680210665905, 34.792873939541096], ""type"": ""Point""}";34.792873939541096, -86.61680210665905
159;Drake Chevron;Convenience Store;501 Drake Ave SW;Huntsville;430134.607967;1530675.80715;Convenience Store;35801;;;;"{""coordinates"": [-86.5853655530337, 34.7048951844102], ""type"": ""Point""}";34.7048951844102, -86.5853655530337
49;Thai International Grocery;Specialty;7407 US 72 W Hwy NW;Huntsville;388386.975255;1549691.73369;Grocery;35758;;;;"{""coordinates"": [-86.72481051293981, 34.75620172471091], ""type"": ""Point""}";34.75620172471091, -86.72481051293981
66;Harvest Jiffy Mart;Convenience Store;6297 Al 53 Hwy;Harvest;389745.375425;1586480.46293;Convenience Store;35749;;;;"{""coordinates"": [-86.72137222415195, 34.857304042123644], ""type"": ""Point""}";34.857304042123644, -86.72137222415195
281;CVS;Drugstore;8503 Old Madison Pke;Madison;383227.815954;1531572.04814;Drug and General Merchandise;35758;;;;"{""coordinates"": [-86.74143942374714, 34.706294421911785], ""type"": ""Point""}";34.706294421911785, -86.74143942374714
175;Papa Jack's;Convenience Store;6214 Old Madison Pke NW;Huntsville;407823.300884;1533961.14704;Convenience Store;35806;;;;"{""coordinates"": [-86.65968037552531, 34.71344054155103], ""type"": ""Point""}";34.71344054155103, -86.65968037552531
62;D&D Grocery;Convenience Store;7635 Wall Triana Hwy;Madison;381380.901341;1569028.61988;Convenience Store;35757;;;;"{""coordinates"": [-86.74871871799375, 34.8091525834073], ""type"": ""Point""}";34.8091525834073, -86.74871871799375
100;Airport Road Chevron;Convenience Store;801 Airport Rd SW;Huntsville;433356.944042;1525528.17112;Convenience Store;35802;;;;"{""coordinates"": [-86.57451925506749, 34.69081806060236], ""type"": ""Point""}";34.69081806060236, -86.57451925506749
182;MinitMan;Convenience Store;1604 US 72 E Hwy NE;Huntsville;445090.431074;1555339.90513;Convenience Store;35811;;;;"{""coordinates"": [-86.53618331471473, 34.77295533084266], ""type"": ""Point""}";34.77295533084266, -86.53618331471473
72;Penny Pantry;Convenience Store;6102 US 72 Hwy E;Gurley;491900.155039;1527413.63323;Convenience Store;35748;;;;"{""coordinates"": [-86.37981730961616, 34.69702718981808], ""type"": ""Point""}";34.69702718981808, -86.37981730961616
108;Browns Texaco;Convenience Store;7584 US 72 W Hwy NW;Huntsville;386108.085128;1549705.65197;Convenience Store;35758;;;;"{""coordinates"": [-86.73239681778087, 34.75618418772554], ""type"": ""Point""}";34.75618418772554, -86.73239681778087
230;Mt Gap Food Mart;Convenience Store;2603 Mountain Gap Rd SE Unit A;Huntsville;443137.554074;1501377.46516;Convenience Store;35803;;;;"{""coordinates"": [-86.5414214987815, 34.624658066287246], ""type"": ""Point""}";34.624658066287246, -86.5414214987815
95;Walmart Supercenter;Supermarket;8580 US 72 W Hwy NW;Madison;373718.610891;1547959.87298;Grocery;35757;;;;"{""coordinates"": [-86.77358375069551, 34.75107656223837], ""type"": ""Point""}";34.75107656223837, -86.77358375069551
124;Dollar General;Variety Store;6466 US 431 S Hwy SE Unit 1;Owens Cross Roads;459493.636847;1515903.24811;Variety Store;35763;;;;"{""coordinates"": [-86.48737239533374, 34.664871320446956], ""type"": ""Point""}";34.664871320446956, -86.48737239533374
248;Garden Cove Produce Center Inc;Produce Market;628 Meridian St NW;Huntsville;430164.916962;1542861.29492;Produce;35801;;;;"{""coordinates"": [-86.58556789391795, 34.73837447603146], ""type"": ""Point""}";34.73837447603146, -86.58556789391795
106;Brentwood Market;Convenience Store;25977 Huntsville Browns Ferry Rd NW;Madison;347601.213651;1540592.3362;Convenience Store;35756;;;;"{""coordinates"": [-86.86026402647427, 34.7301341510914], ""type"": ""Point""}";34.7301341510914, -86.86026402647427
125;Dollar General;Variety Store;2210 Meridian St NE;Huntsville;431459.012142;1547677.65307;Variety Store;35811;;;;"{""coordinates"": [-86.58138020262125, 34.751633527268496], ""type"": ""Point""}";34.751633527268496, -86.58138020262125
275;European Market;Specialty;2745 Bob Wallace Ave SW Unit B;Huntsville;425033.70183;1532897.97692;Grocery;35805;;;;"{""coordinates"": [-86.60239186049866, 34.710894494398296], ""type"": ""Point""}";34.710894494398296, -86.60239186049866
158;Sams Mini Mart;Convenience Store;2305 Governors Dr SW;Huntsville;426481.747163;1536024.80498;Convenience Store;35805;;;;"{""coordinates"": [-86.59765316544143, 34.71951550800746], ""type"": ""Point""}";34.71951550800746, -86.59765316544143
136;Walgreens;Drugstore;2784 Carl T Jones Dr SE;Huntsville;443620.136114;1518759.38085;Drug and General Merchandise;35802;;;;"{""coordinates"": [-86.54022281481222, 34.672423870016004], ""type"": ""Point""}";34.672423870016004, -86.54022281481222
166;Fuel City;Convenience Store;8511 Whitesburg Dr SE;Huntsville;435906.330019;1511390.38312;Convenience Store;35802;;;;"{""coordinates"": [-86.56569732068704, 34.652026384736935], ""type"": ""Point""}";34.652026384736935, -86.56569732068704
137;Walgreens;Drugstore;11399 Memorial Pky SE;Huntsville;435757.600002;1503710.98903;Drug and General Merchandise;35803;;;;"{""coordinates"": [-86.56600620755032, 34.63092451193785], ""type"": ""Point""}";34.63092451193785, -86.56600620755032
179;MinitMan;Convenience Store;2003 Meridian St NW;Huntsville;430850.185932;1546936.53086;Convenience Store;35811;;;;"{""coordinates"": [-86.58338839615209, 34.749584895084716], ""type"": ""Point""}";34.749584895084716, -86.58338839615209
149;Texaco University;Convenience Store;4011 University Dr NW;Huntsville;415738.834921;1541598.888;Convenience Store;35816;;;;"{""coordinates"": [-86.63354656809236, 34.73460016534549], ""type"": ""Point""}";34.73460016534549, -86.63354656809236
181;MinitMan;Convenience Store;3315 Governors Dr SW;Huntsville;422266.264124;1536176.38801;Convenience Store;35805;;;;"{""coordinates"": [-86.61168366110539, 34.71984315939412], ""type"": ""Point""}";34.71984315939412, -86.61168366110539
153;Space & Rocket Mini Mart;Convenience Store;6090 Old Madison Pke NW;Huntsville;408327.870085;1533993.23096;Convenience Store;35806;;;;"{""coordinates"": [-86.65800249157435, 34.71354006290075], ""type"": ""Point""}";34.71354006290075, -86.65800249157435
201;Oakwood Exxon;Convenience Store;508 Oakwood Ave NE;Huntsville;432728.2911;1546621.70407;Convenience Store;35811;;;;"{""coordinates"": [-86.57712913272094, 34.74875827914598], ""type"": ""Point""}";34.74875827914598, -86.57712913272094
183;MinitMan;Convenience Store;11900 Memorial Pky SW;Huntsville;435155.446022;1497121.91789;Convenience Store;35803;;;;"{""coordinates"": [-86.56784817026987, 34.612809148772975], ""type"": ""Point""}";34.612809148772975, -86.56784817026987
222;Holmes Mini Mart;Convenience Store;3005 Holmes Ave NW;Huntsville;422636.239106;1539402.95604;Convenience Store;35816;;;;"{""coordinates"": [-86.61053556461083, 34.728715704601456], ""type"": ""Point""}";34.728715704601456, -86.61053556461083
186;MinitMan;Convenience Store;7646 Old Madison Pke NW;Madison;393555.668986;1532403.01203;Convenience Store;35758;;;;"{""coordinates"": [-86.7071049867489, 34.70882859626207], ""type"": ""Point""}";34.70882859626207, -86.7071049867489
237;Holiday Foods;Supermarket;2701 Patton Rd SW Unit A;Huntsville;417971.012872;1533472.19493;Grocery;35805;;;;"{""coordinates"": [-86.6259047923179, 34.712321514427224], ""type"": ""Point""}";34.712321514427224, -86.6259047923179
187;MinitMan;Convenience Store;8212 Bailey Cove Rd SE;Huntsville;443611.016054;1513862.89097;Convenience Store;35802;;;;"{""coordinates"": [-86.54013888274577, 34.65897071395824], ""type"": ""Point""}";34.65897071395824, -86.54013888274577
259;Dollar General;Variety Store;4061 Independence Dr NW;Huntsville;417401.674444;1542734.66296;Variety Store;35816;;;;"{""coordinates"": [-86.62804253835057, 34.73775680991666], ""type"": ""Point""}";34.73775680991666, -86.62804253835057
203;Madison Square Chevron;Convenience Store;5830 University Dr NW;Huntsville;407027.069865;1543815.83107;Convenience Store;35806;;;;"{""coordinates"": [-86.66259987827091, 34.740496986438544], ""type"": ""Point""}";34.740496986438544, -86.66259987827091
204;Little Sam's Discount Mart;Convenience Store;5800 University Dr NW;Huntsville;407289.388894;1543669.23687;Convenience Store;35806;;;;"{""coordinates"": [-86.6617228093703, 34.740100180458015], ""type"": ""Point""}";34.740100180458015, -86.6617228093703
223;In & Out Mini Mart;Convenience Store;30697 US 72 W Hwy NW;Madison;369829.825034;1546963.15712;Convenience Store;35757;;;;"{""coordinates"": [-86.7864961543562, 34.748237687283144], ""type"": ""Point""}";34.748237687283144, -86.7864961543562
18;Kroger;Supermarket;6070 Moores Mill Rd NE;Huntsville;445555.647007;1565378.98807;Grocery;35811;;;;"{""coordinates"": [-86.53486784469992, 34.800545869348255], ""type"": ""Point""}";34.800545869348255, -86.53486784469992
39;Walmart Supercenter;Supermarket;2200 Sparkman Dr NW;Huntsville;428170.137815;1552641.9978;Grocery;35810;;;;"{""coordinates"": [-86.592452708867, 34.765204827608706], ""type"": ""Point""}";34.765204827608706, -86.592452708867
117;Discount Express;Convenience Store;10000 Bailey Cove Rd SE;Huntsville;443485.855871;1509062.2011;Convenience Store;35803;;;;"{""coordinates"": [-86.54044302544332, 34.64577850056327], ""type"": ""Point""}";34.64577850056327, -86.54044302544332
154;Short Stop;Convenience Store;1800 University Dr NW;Huntsville;427196.875982;1543740.095;Convenience Store;35801;;;;"{""coordinates"": [-86.59546819841572, 34.74072748775424], ""type"": ""Point""}";34.74072748775424, -86.59546819841572
162;Express Food Mart;Convenience Store;2119 Clinton Ave SW;Huntsville;426092.05306;1537789.88085;Convenience Store;35805;;;;"{""coordinates"": [-86.59899454257413, 34.72435675760863], ""type"": ""Point""}";34.72435675760863, -86.59899454257413
165;Favorite Market;Convenience Store;8890 US 72 W Hwy NW Unit B;Madison;370150.186926;1547010.117;Convenience Store;35757;;;;"{""coordinates"": [-86.7854313445568, 34.74837503992829], ""type"": ""Point""}";34.74837503992829, -86.7854313445568
191;Mini Mart;Convenience Store;2206 Mastin Lake Rd NW;Huntsville;429180.956987;1554903.09301;Convenience Store;35810;;;;"{""coordinates"": [-86.58914407597712, 34.77143789136076], ""type"": ""Point""}";34.77143789136076, -86.58914407597712
212;Quick Trip;Convenience Store;5160 Blue Spring Rd NW;Huntsville;426582.846042;1562582.223;Convenience Store;35810;;;;"{""coordinates"": [-86.59798912376013, 34.792481416188565], ""type"": ""Point""}";34.792481416188565, -86.59798912376013
231;Neighbor Quick Stop;Convenience Store;3421 Pulaski Pke NW;Huntsville;421079.727127;1554769.40004;Convenience Store;35810;;;;"{""coordinates"": [-86.61611350100542, 34.77090014494569], ""type"": ""Point""}";34.77090014494569, -86.61611350100542
232;Nelco Express;Convenience Store;1109 Slaughter Rd NW;Madison;394135.304966;1539773.24434;Convenience Store;35758;;;;"{""coordinates"": [-86.70538917575111, 34.72909095056808], ""type"": ""Point""}";34.72909095056808, -86.70538917575111
260;Dollar General;Variety Store;4120 Triana Blv SW;Huntsville;422533.822972;1525687.29449;Variety Store;35805;;;;"{""coordinates"": [-86.61052382007472, 34.69103097787989], ""type"": ""Point""}";34.69103097787989, -86.61052382007472
280;CVS;Drugstore;100 Providence Main St NW Unit G;Huntsville;397596.242926;1547366.24195;Drug and General Merchandise;35806;;;;"{""coordinates"": [-86.69408851471515, 34.75003340304449], ""type"": ""Point""}";34.75003340304449, -86.69408851471515
2;Far East Market;Specialty;8108 Memorial Pky SW;Huntsville;434504.244897;1513703.04254;Grocery;35802;;;;"{""coordinates"": [-86.57041512320694, 34.65835223816308], ""type"": ""Point""}";34.65835223816308, -86.57041512320694
71;Drake's Mini Mart;Convenience Store;3629 Patton Rd SW;Huntsville;417627.521761;1528478.0809;Convenience Store;35805;;;;"{""coordinates"": [-86.62691657899013, 34.698593237390014], ""type"": ""Point""}";34.698593237390014, -86.62691657899013
83;Publix;Supermarket;6707 US 431 S Hwy SE;Owens Cross Roads;461359.553391;1513811.36319;Grocery;35763;;;;"{""coordinates"": [-86.48112292808737, 34.659156975527765], ""type"": ""Point""}";34.659156975527765, -86.48112292808737
84;Publix;Supermarket;12290 US 231-431 N Hwy;Meridianville;434282.736154;1578706.35906;Grocery;35759;;;;"{""coordinates"": [-86.57274148740036, 34.836939066921914], ""type"": ""Point""}";34.836939066921914, -86.57274148740036
145;Valero Food Mart;Convenience Store;3121 Drake Ave SW;Huntsville;422952.26997;1528091.71685;Convenience Store;35805;;;;"{""coordinates"": [-86.60919360592428, 34.69764580043595], ""type"": ""Point""}";34.69764580043595, -86.60919360592428
176;Papa Jack's;Convenience Store;306 Andrew Jackson Way NE;Huntsville;432922.723126;1543232.35684;Convenience Store;35801;;;;"{""coordinates"": [-86.57639855741026, 34.739450280612544], ""type"": ""Point""}";34.739450280612544, -86.57639855741026
255;Sure Save Pharmacy;Drugstore;30694 US 72 W Hwy NW Unit A;Madison;369735.766495;1546644.83985;Drug and General Merchandise;35756;;;;"{""coordinates"": [-86.78679916807114, 34.74736073445524], ""type"": ""Point""}";34.74736073445524, -86.78679916807114
295;Walmart;Supermarket;14595 US 231-431 N Hwy;Hazel Green;433968.103253;1618455.38455;Grocery;35750;2017-01-04T06:30:00+05:30;;;"{""coordinates"": [-86.57477037324384, 34.946137233909546], ""type"": ""Point""}";34.946137233909546, -86.57477037324384
31;Shinsegae Oriental Market;Specialty;8290 Whitesburg Dr SW;Huntsville;435588.663004;1513194.26042;Grocery;35802;;;;"{""coordinates"": [-86.56679713662228, 34.65697612328827], ""type"": ""Point""}";34.65697612328827, -86.56679713662228
53;La Feria;Specialty;3228 Bob Wallace Ave SW;Huntsville;422386.825562;1533367.07933;Grocery;35805;;;;"{""coordinates"": [-86.61121022345748, 34.712127406513666], ""type"": ""Point""}";34.712127406513666, -86.61121022345748
90;ALDI;Supermarket;11909 Memorial Pky SE;Huntsville;435765.761075;1497104.41629;Grocery;35803;;;;"{""coordinates"": [-86.56581956946354, 34.612773257814], ""type"": ""Point""}";34.612773257814, -86.56581956946354
101;AJ's Fuel City;Convenience Store;11431 Memorial Pky SE;Huntsville;435638.216054;1503377.63209;Convenience Store;35803;;;;"{""coordinates"": [-86.56639496973291, 34.6300062378843], ""type"": ""Point""}";34.6300062378843, -86.56639496973291
119;Discount Food & Beverage;Convenience Store;1910 Jordan Ln NW;Huntsville;415670.571935;1546961.82904;Convenience Store;35816;;;;"{""coordinates"": [-86.6339158743494, 34.74933271284637], ""type"": ""Point""}";34.74933271284637, -86.6339158743494
190;MinitMan Amoco;Convenience Store;2600 Memorial Pky SW;Huntsville;428460.25108;1532839.74902;Convenience Store;35801;;;;"{""coordinates"": [-86.59099005683986, 34.710805944146266], ""type"": ""Point""}";34.710805944146266, -86.59099005683986
216;Redstone Food Mart Inc;Convenience Store;3801 Patton Rd SW;Huntsville;417647.823886;1528223.47216;Convenience Store;35805;;;;"{""coordinates"": [-86.6268423653033, 34.69789416384421], ""type"": ""Point""}";34.69789416384421, -86.6268423653033
235;Pratt Ave Chevron Food Mart;Convenience Store;285 Pratt Ave NE Unit B;Huntsville;431024.705924;1543121.8879;Convenience Store;35801;;;;"{""coordinates"": [-86.58271283218122, 34.73910807285427], ""type"": ""Point""}";34.73910807285427, -86.58271283218122
250;Target;Supermarket;8207 US 72 W Hwy;Madison;378818.263421;1547113.38845;Grocery - mostly non perishable;35758;;;;"{""coordinates"": [-86.7565835260991, 34.748880907665814], ""type"": ""Point""}";34.748880907665814, -86.7565835260991
265;Dollar General;Variety Store;1400 Weatherly Plz SE;Huntsville;443434.697837;1508571.87793;Variety Store;35803;;;;"{""coordinates"": [-86.5406016605854, 34.6444303594966], ""type"": ""Point""}";34.6444303594966, -86.5406016605854
282;CVS;Drugstore;12275 US 231-431 N Hwy;Meridianville;434531.45252;1590867.58605;Drug and General Merchandise;35759;;;;"{""coordinates"": [-86.57221138965934, 34.87035549217277], ""type"": ""Point""}";34.87035549217277, -86.57221138965934
146;University Jet Pep;Convenience Store;2821 University Dr NW;Huntsville;422301.775864;1541679.62996;Convenience Store;35816;;;;"{""coordinates"": [-86.6117072227981, 34.73496353170157], ""type"": ""Point""}";34.73496353170157, -86.6117072227981
168;Governors Exxon;Convenience Store;200 Governors Dr SE;Huntsville;432889.929884;1535994.46515;Convenience Store;35801;;;;"{""coordinates"": [-86.57632972464198, 34.71956406133848], ""type"": ""Point""}";34.71956406133848, -86.57632972464198
185;MinitMan;Convenience Store;4000 Holmes Ave NW;Huntsville;417331.43213;1539146.16816;Convenience Store;35816;;;;"{""coordinates"": [-86.62818190989412, 34.727896295017075], ""type"": ""Point""}";34.727896295017075, -86.62818190989412
221;Dodges Store;Convenience Store;2211 Whitesburg Dr SE;Huntsville;432646.419873;1535024.12391;Convenience Store;35801;;;;"{""coordinates"": [-86.57711611273899, 34.71689317422319], ""type"": ""Point""}";34.71689317422319, -86.57711611273899
247;Save-A-Lot;Supermarket;3505 Pulaski Pke NW;Huntsville;420583.703841;1555225.92603;Grocery;35810;;;;"{""coordinates"": [-86.61777685548482, 34.772143764618804], ""type"": ""Point""}";34.772143764618804, -86.61777685548482
44;Star Super Market;Supermarket;702 Pratt Ave NE;Huntsville;432927.897984;1542929.36335;Grocery;35801;;;;"{""coordinates"": [-86.57637388165676, 34.73861793557061], ""type"": ""Point""}";34.73861793557061, -86.57637388165676
68;Ma Market;Convenience Store;14200 US 231-431 N Hwy;Hazel Green;434911.317246;1613165.91382;Convenience Store;35750;;;;"{""coordinates"": [-86.57149306418795, 34.931624471378676], ""type"": ""Point""}";34.931624471378676, -86.57149306418795
96;Publix;Supermarket;310 Pelham Ave SW;Huntsville;430554.982783;1537428.51412;Grocery;35801;;;;"{""coordinates"": [-86.58413469234698, 34.72345636768636], ""type"": ""Point""}";34.72345636768636, -86.58413469234698
173;Rite Aid;Drugstore;6707 US 431 S Hwy SE Unit 101;Owens Cross Roads;461314.725069;1513609.35802;Drug and General Merchandise;35763;;;;"{""coordinates"": [-86.48126766580606, 34.658601172065474], ""type"": ""Point""}";34.658601172065474, -86.48126766580606
189;MinitMan;Convenience Store;6150 University Dr NW;Huntsville;402461.733851;1545448.17787;Convenience Store;35806;;;;"{""coordinates"": [-86.67783980217489, 34.74487720989949], ""type"": ""Point""}";34.74487720989949, -86.67783980217489
205;Liberty Quick Stop;Convenience Store;2955 Jordan Ln NW;Huntsville;410540.323993;1554911.41813;Convenience Store;35816;;;;"{""coordinates"": [-86.65120759475286, 34.77105964199654], ""type"": ""Point""}";34.77105964199654, -86.65120759475286
243;Family Dollar;Variety Store;2700 Winchester Rd;Huntsville;463756.624056;1573954.55393;Variety Store;35811;;;;"{""coordinates"": [-86.47442771146777, 34.824441124743196], ""type"": ""Point""}";34.824441124743196, -86.47442771146777
256;Dollar General;Variety Store;1008 Andrew Jackson Way NE;Huntsville;432951.866112;1545738.44205;Variety Store;35801;;;;"{""coordinates"": [-86.57636320996065, 34.74633613457814], ""type"": ""Point""}";34.74633613457814, -86.57636320996065
261;Dollar General;Variety Store;2420 Jordan Ln NW;Huntsville;414380.895052;1549169.32495;Variety Store;35816;;;;"{""coordinates"": [-86.63826750096594, 34.75536923052931], ""type"": ""Point""}";34.75536923052931, -86.63826750096594
267;Dollar General;Variety Store;9120 Wall Triana Hwy;Harvest;381369.619867;1586835.13611;Variety Store;35749;;;;"{""coordinates"": [-86.74929794073249, 34.85807136267312], ""type"": ""Point""}";34.85807136267312, -86.74929794073249
279;CVS;Drugstore;930 Winchester Rd NE;Huntsville;444949.993034;1564195.87988;Drug and General Merchandise;35811;;;;"{""coordinates"": [-86.53685748404301, 34.79728373369254], ""type"": ""Point""}";34.79728373369254, -86.53685748404301
288;Rite Aid;Drugstore;14450 US 231-431 N Hwy;Hazel Green;435135.746915;1616399.14391;Drug and General Merchandise;35750;;;;"{""coordinates"": [-86.57082388274442, 34.94051177912098], ""type"": ""Point""}";34.94051177912098, -86.57082388274442
